{"cameraMode":{"drawMode":0,"name":"Shaded","section":"Shading Mode"},"sceneLighting":true,"audioPlay":false,"sceneViewState":{"m_AlwaysRefresh":false,"showFog":true,"showSkybox":true,"showFlares":true,"showImageEffects":true,"showParticleSystems":true,"showVisualEffectGraphs":true,"m_FxEnabled":true},"in2DMode":false,"pivot":{"x":52.585670471191409,"y":-0.03424330800771713,"z":3.642625331878662},"rotation":{"x":0.711316704750061,"y":-0.005271336529403925,"z":0.00533497566357255,"w":0.7028317451477051},"size":51.519657135009769,"orthographic":true}