{"cameraMode":{"drawMode":0,"name":"Shaded","section":"Shading Mode"},"sceneLighting":true,"audioPlay":false,"sceneViewState":{"m_AlwaysRefresh":false,"showFog":true,"showSkybox":true,"showFlares":true,"showImageEffects":true,"showParticleSystems":true,"showVisualEffectGraphs":true,"m_FxEnabled":true},"in2DMode":false,"pivot":{"x":0.4266824722290039,"y":3.4188179969787599,"z":-3.318112850189209},"rotation":{"x":-0.033864255994558337,"y":0.7500268816947937,"z":-0.03851727396249771,"w":-0.6594170331954956},"size":6.540767192840576,"orthographic":false}