{"cameraMode":{"drawMode":0,"name":"Shaded","section":"Shading Mode"},"sceneLighting":true,"audioPlay":false,"sceneViewState":{"m_AlwaysRefresh":false,"showFog":true,"showSkybox":true,"showFlares":true,"showImageEffects":true,"showParticleSystems":true,"showVisualEffectGraphs":true,"m_FxEnabled":true},"in2DMode":false,"pivot":{"x":4.724826812744141,"y":2.8460190296173097,"z":-3.3243720531463625},"rotation":{"x":0.21572519838809968,"y":0.19532795250415803,"z":-0.04408511891961098,"w":0.9557125568389893},"size":5.517544746398926,"orthographic":false}